no,device_id,goose_appid,goose_srcAddr,goose_dstAddr,goose_TPID,goose_TCI,goose_gocbRef,goose_dataSet,goose_goID,goose_simulation,goose_confRev,goose_ndsCom,feed_line_id,feed_line_alias,logical_id,pcs_type
1,20250101,0x1,01:0C:CD:01:00:01,"01:0C:CD:FF:FF:FF
",0x8100,0x8002,"FLEXPIGO/LLN0$GO$gocb1
","FLEXPIGO/LLN0$dsGOOSE1
","FLEXPIGO/LLN0$GO$gocb1
",FALSE,1,FALSE,1,Line1,1,PCS-A
2,20250210,0x2,01:0C:CD:01:00:02,"01:0C:CD:FF:FF:FF
",0x8100,0x8002,"FLEXPIGO/LLN0$GO$gocb2
","FLEXPIGO/LLN0$dsGOOSE2
","FLEXPIGO/LLN0$GO$gocb2
",FALSE,1,FALSE,1,line1,2,PCS-A
3,20250111,0x301,01:0C:CD:01:00:03,"01:0C:CD:FF:FF:FF
",0x8100,0x8002,"FLEXPIGO/LLN0$GO$gocb3
","FLEXPIGO/LLN0$dsGOOSE3
","FLEXPIGO/LLN0$GO$gocb3
",FALSE,1,FALSE,2,Line2,3,PCS-B
4,20250110,0x302,01:0C:CD:01:00:04,"01:0C:CD:FF:FF:FF
",0x8100,0x8002,FLEXPIGO/LLN0$GO$gocb4,"FLEXPIGO/LLN0$dsGOOSE4
","FLEXPIGO/LLN0$GO$gocb4
",FALSE,1,FALSE,2,line2,4,PCS-B
5,20250311,0x303,01:0C:CD:01:00:05,"01:0C:CD:FF:FF:FF
",0x8100,0x8002,"FLEXPIGO/LLN0$GO$gocb5
","FLEXPIGO/LLN0$dsGOOSE5
","FLEXPIGO/LLN0$GO$gocb5
",FALSE,1,FALSE,2,line2,5,PCS-B
6,20250312,0x201,01:0C:CD:01:00:06,"01:0C:CD:FF:FF:FF
",0x8100,0x8002,"FLEXPIGO/LLN0$GO$gocb6
","FLEXPIGO/LLN0$dsGOOSE6
","FLEXPIGO/LLN0$GO$gocb6
",FALSE,1,FALSE,3,line3,6,PCS-C
7,20250313,0x202,01:0C:CD:01:00:07,"01:0C:CD:FF:FF:FF
",0x8100,0x8002,"FLEXPIGO/LLN0$GO$gocb7
","FLEXPIGO/LLN0$dsGOOSE7
","FLEXPIGO/LLN0$GO$gocb7
",FALSE,1,FALSE,3,line3,7,PCS-C
8,20250314,0x203,01:0C:CD:01:00:08,"01:0C:CD:FF:FF:FF
",0x8100,0x8002,"FLEXPIGO/LLN0$GO$gocb8
","FLEXPIGO/LLN0$dsGOOSE8
","FLEXPIGO/LLN0$GO$gocb8
",FALSE,1,FALSE,3,line3,8,PCS-C
9,20250315,0x204,01:0C:CD:01:00:09,"01:0C:CD:FF:FF:FF
",0x8100,0x8002,"FLEXPIGO/LLN0$GO$gocb9
","FLEXPIGO/LLN0$dsGOOSE9
","FLEXPIGO/LLN0$GO$gocb9
",FALSE,1,FALSE,3,line3,9,PCS-C
10,20250316,0x205,01:0C:CD:01:00:0A,"01:0C:CD:FF:FF:FF
",0x8100,0x8002,"FLEXPIGO/LLN0$GO$gocb10
","FLEXPIGO/LLN0$dsGOOSE10
","FLEXPIGO/LLN0$GO$gocb10
",FALSE,1,FALSE,3,line3,10,PCS-C
11,20250317,0x206,01:0C:CD:01:00:0B,"01:0C:CD:FF:FF:FF
",0x8100,0x8002,"FLEXPIGO/LLN0$GO$gocb11
","FLEXPIGO/LLN0$dsGOOSE11
","FLEXPIGO/LLN0$GO$gocb11
",FALSE,1,FALSE,3,line3,11,PCS-C
12,20250318,0x207,01:0C:CD:01:00:0C,"01:0C:CD:FF:FF:FF
",0x8100,0x8002,"FLEXPIGO/LLN0$GO$gocb12
","FLEXPIGO/LLN0$dsGOOSE12
","FLEXPIGO/LLN0$GO$gocb12
",FALSE,1,FALSE,3,line3,12,PCS-C
13,20250319,0x208,01:0C:CD:01:00:0D,"01:0C:CD:FF:FF:FF
",0x8100,0x8002,"FLEXPIGO/LLN0$GO$gocb13
","FLEXPIGO/LLN0$dsGOOSE13
","FLEXPIGO/LLN0$GO$gocb13
",FALSE,1,FALSE,3,line3,13,PCS-C
14,20250320,0x209,01:0C:CD:01:00:0E,"01:0C:CD:FF:FF:FF
",0x8100,0x8002,"FLEXPIGO/LLN0$GO$gocb14
","FLEXPIGO/LLN0$dsGOOSE14
","FLEXPIGO/LLN0$GO$gocb14
",FALSE,1,FALSE,3,line3,14,PCS-C
15,20250321,0x20A,01:0C:CD:01:00:0F,"01:0C:CD:FF:FF:FF
",0x8100,0x8002,"FLEXPIGO/LLN0$GO$gocb15
","FLEXPIGO/LLN0$dsGOOSE15
","FLEXPIGO/LLN0$GO$gocb15
",FALSE,1,FALSE,3,line3,15,PCS-C
16,20250322,0x20B,01:0C:CD:01:00:10,"01:0C:CD:FF:FF:FF
",0x8100,0x8002,"FLEXPIGO/LLN0$GO$gocb16
","FLEXPIGO/LLN0$dsGOOSE16
","FLEXPIGO/LLN0$GO$gocb16
",FALSE,1,FALSE,3,line3,16,PCS-C
17,20250323,0x20C,01:0C:CD:01:00:11,"01:0C:CD:FF:FF:FF
",0x8100,0x8002,"FLEXPIGO/LLN0$GO$gocb17
","FLEXPIGO/LLN0$dsGOOSE17
","FLEXPIGO/LLN0$GO$gocb17
",FALSE,1,FALSE,3,line3,17,PCS-C
18,20250324,0x20D,01:0C:CD:01:00:12,"01:0C:CD:FF:FF:FF
",0x8100,0x8002,"FLEXPIGO/LLN0$GO$gocb18
","FLEXPIGO/LLN0$dsGOOSE18
","FLEXPIGO/LLN0$GO$gocb18
",FALSE,1,FALSE,3,line3,18,PCS-C
19,20250325,0x20E,01:0C:CD:01:00:13,"01:0C:CD:FF:FF:FF
",0x8100,0x8002,"FLEXPIGO/LLN0$GO$gocb19
","FLEXPIGO/LLN0$dsGOOSE19
","FLEXPIGO/LLN0$GO$gocb19
",FALSE,1,FALSE,3,line3,19,PCS-C
20,20250326,0x20F,01:0C:CD:01:00:14,"01:0C:CD:FF:FF:FF
",0x8100,0x8002,"FLEXPIGO/LLN0$GO$gocb20
","FLEXPIGO/LLN0$dsGOOSE20
","FLEXPIGO/LLN0$GO$gocb20
",FALSE,1,FALSE,3,line3,20,PCS-C
21,20250327,0x210,01:0C:CD:01:00:15,"01:0C:CD:FF:FF:FF
",0x8100,0x8002,"FLEXPIGO/LLN0$GO$gocb21
","FLEXPIGO/LLN0$dsGOOSE21
","FLEXPIGO/LLN0$GO$gocb21
",FALSE,1,FALSE,3,line3,21,PCS-C
22,20250328,0x211,01:0C:CD:01:00:16,"01:0C:CD:FF:FF:FF
",0x8100,0x8002,"FLEXPIGO/LLN0$GO$gocb22
","FLEXPIGO/LLN0$dsGOOSE22
","FLEXPIGO/LLN0$GO$gocb22
",FALSE,1,FALSE,3,line3,22,PCS-C
23,20250329,0x212,01:0C:CD:01:00:17,"01:0C:CD:FF:FF:FF
",0x8100,0x8002,"FLEXPIGO/LLN0$GO$gocb23
","FLEXPIGO/LLN0$dsGOOSE23
","FLEXPIGO/LLN0$GO$gocb23
",FALSE,1,FALSE,3,line3,23,PCS-C
24,20250330,0x213,01:0C:CD:01:00:18,"01:0C:CD:FF:FF:FF
",0x8100,0x8002,"FLEXPIGO/LLN0$GO$gocb24
","FLEXPIGO/LLN0$dsGOOSE24
","FLEXPIGO/LLN0$GO$gocb24
",FALSE,1,FALSE,3,line3,24,PCS-C
25,20250331,0x214,01:0C:CD:01:00:19,"01:0C:CD:FF:FF:FF
",0x8100,0x8002,"FLEXPIGO/LLN0$GO$gocb25
","FLEXPIGO/LLN0$dsGOOSE25
","FLEXPIGO/LLN0$GO$gocb25
",FALSE,1,FALSE,3,line3,25,PCS-C
26,20250332,0x215,01:0C:CD:01:00:1A,"01:0C:CD:FF:FF:FF
",0x8100,0x8002,"FLEXPIGO/LLN0$GO$gocb26
","FLEXPIGO/LLN0$dsGOOSE26
","FLEXPIGO/LLN0$GO$gocb26
",FALSE,1,FALSE,3,line3,26,PCS-C
27,20250333,0x216,01:0C:CD:01:00:1B,"01:0C:CD:FF:FF:FF
",0x8100,0x8002,"FLEXPIGO/LLN0$GO$gocb27
","FLEXPIGO/LLN0$dsGOOSE27
","FLEXPIGO/LLN0$GO$gocb27
",FALSE,1,FALSE,3,line3,27,PCS-C
28,20250334,0x217,01:0C:CD:01:00:1C,"01:0C:CD:FF:FF:FF
",0x8100,0x8002,"FLEXPIGO/LLN0$GO$gocb28
","FLEXPIGO/LLN0$dsGOOSE28
","FLEXPIGO/LLN0$GO$gocb28
",FALSE,1,FALSE,3,line3,28,PCS-C
29,20250335,0x218,01:0C:CD:01:00:1D,"01:0C:CD:FF:FF:FF
",0x8100,0x8002,"FLEXPIGO/LLN0$GO$gocb29
","FLEXPIGO/LLN0$dsGOOSE29
","FLEXPIGO/LLN0$GO$gocb29
",FALSE,1,FALSE,3,line3,29,PCS-C
30,20250336,0x219,01:0C:CD:01:00:1E,"01:0C:CD:FF:FF:FF
",0x8100,0x8002,"FLEXPIGO/LLN0$GO$gocb30
","FLEXPIGO/LLN0$dsGOOSE30
","FLEXPIGO/LLN0$GO$gocb30
",FALSE,1,FALSE,3,line3,30,PCS-C
31,20250337,0x21A,01:0C:CD:01:00:1F,"01:0C:CD:FF:FF:FF
",0x8100,0x8002,"FLEXPIGO/LLN0$GO$gocb31
","FLEXPIGO/LLN0$dsGOOSE31
","FLEXPIGO/LLN0$GO$gocb31
",FALSE,1,FALSE,3,line3,31,PCS-C
32,20250338,0x21B,01:0C:CD:01:00:20,"01:0C:CD:FF:FF:FF
",0x8100,0x8002,"FLEXPIGO/LLN0$GO$gocb32
","FLEXPIGO/LLN0$dsGOOSE32
","FLEXPIGO/LLN0$GO$gocb32
",FALSE,1,FALSE,3,line3,32,PCS-C
33,20250339,0x21C,01:0C:CD:01:00:21,"01:0C:CD:FF:FF:FF
",0x8100,0x8002,"FLEXPIGO/LLN0$GO$gocb33
","FLEXPIGO/LLN0$dsGOOSE33
","FLEXPIGO/LLN0$GO$gocb33
",FALSE,1,FALSE,3,line3,33,PCS-C
34,20250340,0x21D,01:0C:CD:01:00:22,"01:0C:CD:FF:FF:FF
",0x8100,0x8002,"FLEXPIGO/LLN0$GO$gocb34
","FLEXPIGO/LLN0$dsGOOSE34
","FLEXPIGO/LLN0$GO$gocb34
",FALSE,1,FALSE,3,line3,34,PCS-C
35,20250341,0x21E,01:0C:CD:01:00:23,"01:0C:CD:FF:FF:FF
",0x8100,0x8002,"FLEXPIGO/LLN0$GO$gocb35
","FLEXPIGO/LLN0$dsGOOSE35
","FLEXPIGO/LLN0$GO$gocb35
",FALSE,1,FALSE,3,line3,35,PCS-C
36,20250342,0x21F,01:0C:CD:01:00:24,"01:0C:CD:FF:FF:FF
",0x8100,0x8002,"FLEXPIGO/LLN0$GO$gocb36
","FLEXPIGO/LLN0$dsGOOSE36
","FLEXPIGO/LLN0$GO$gocb36
",FALSE,1,FALSE,3,line3,36,PCS-C
37,20250343,0x220,01:0C:CD:01:00:25,"01:0C:CD:FF:FF:FF
",0x8100,0x8002,"FLEXPIGO/LLN0$GO$gocb37
","FLEXPIGO/LLN0$dsGOOSE37
","FLEXPIGO/LLN0$GO$gocb37
",FALSE,1,FALSE,3,line3,37,PCS-C
38,20250344,0x221,01:0C:CD:01:00:26,"01:0C:CD:FF:FF:FF
",0x8100,0x8002,"FLEXPIGO/LLN0$GO$gocb38
","FLEXPIGO/LLN0$dsGOOSE38
","FLEXPIGO/LLN0$GO$gocb38
",FALSE,1,FALSE,3,line3,38,PCS-C
39,20250345,0x222,01:0C:CD:01:00:27,"01:0C:CD:FF:FF:FF
",0x8100,0x8002,"FLEXPIGO/LLN0$GO$gocb39
","FLEXPIGO/LLN0$dsGOOSE39
","FLEXPIGO/LLN0$GO$gocb39
",FALSE,1,FALSE,3,line3,39,PCS-C
40,20250346,0x223,01:0C:CD:01:00:28,"01:0C:CD:FF:FF:FF
",0x8100,0x8002,"FLEXPIGO/LLN0$GO$gocb40
","FLEXPIGO/LLN0$dsGOOSE40
","FLEXPIGO/LLN0$GO$gocb40
",FALSE,1,FALSE,3,line3,40,PCS-C
41,20250347,0x224,01:0C:CD:01:00:29,"01:0C:CD:FF:FF:FF
",0x8100,0x8002,"FLEXPIGO/LLN0$GO$gocb41
","FLEXPIGO/LLN0$dsGOOSE41
","FLEXPIGO/LLN0$GO$gocb41
",FALSE,1,FALSE,3,line3,41,PCS-C
42,20250348,0x225,01:0C:CD:01:00:2A,"01:0C:CD:FF:FF:FF
",0x8100,0x8002,"FLEXPIGO/LLN0$GO$gocb42
","FLEXPIGO/LLN0$dsGOOSE42
","FLEXPIGO/LLN0$GO$gocb42
",FALSE,1,FALSE,3,line3,42,PCS-C
43,20250349,0x226,01:0C:CD:01:00:2B,"01:0C:CD:FF:FF:FF
",0x8100,0x8002,"FLEXPIGO/LLN0$GO$gocb43
","FLEXPIGO/LLN0$dsGOOSE43
","FLEXPIGO/LLN0$GO$gocb43
",FALSE,1,FALSE,3,line3,43,PCS-C
44,20250350,0x227,01:0C:CD:01:00:2C,"01:0C:CD:FF:FF:FF
",0x8100,0x8002,"FLEXPIGO/LLN0$GO$gocb44
","FLEXPIGO/LLN0$dsGOOSE44
","FLEXPIGO/LLN0$GO$gocb44
",FALSE,1,FALSE,3,line3,44,PCS-C
45,20250351,0x228,01:0C:CD:01:00:2D,"01:0C:CD:FF:FF:FF
",0x8100,0x8002,"FLEXPIGO/LLN0$GO$gocb45
","FLEXPIGO/LLN0$dsGOOSE45
","FLEXPIGO/LLN0$GO$gocb45
",FALSE,1,FALSE,3,line3,45,PCS-C
46,20250352,0x229,01:0C:CD:01:00:2E,"01:0C:CD:FF:FF:FF
",0x8100,0x8002,"FLEXPIGO/LLN0$GO$gocb46
","FLEXPIGO/LLN0$dsGOOSE46
","FLEXPIGO/LLN0$GO$gocb46
",FALSE,1,FALSE,3,line3,46,PCS-C
47,20250353,0x22A,01:0C:CD:01:00:2F,"01:0C:CD:FF:FF:FF
",0x8100,0x8002,"FLEXPIGO/LLN0$GO$gocb47
","FLEXPIGO/LLN0$dsGOOSE47
","FLEXPIGO/LLN0$GO$gocb47
",FALSE,1,FALSE,3,line3,47,PCS-C
48,20250354,0x22B,01:0C:CD:01:00:30,"01:0C:CD:FF:FF:FF
",0x8100,0x8002,"FLEXPIGO/LLN0$GO$gocb48
","FLEXPIGO/LLN0$dsGOOSE48
","FLEXPIGO/LLN0$GO$gocb48
",FALSE,1,FALSE,3,line3,48,PCS-C
49,20250355,0x22C,01:0C:CD:01:00:31,"01:0C:CD:FF:FF:FF
",0x8100,0x8002,"FLEXPIGO/LLN0$GO$gocb49
","FLEXPIGO/LLN0$dsGOOSE49
","FLEXPIGO/LLN0$GO$gocb49
",FALSE,1,FALSE,3,line3,49,PCS-C
50,20250356,0x22D,01:0C:CD:01:00:32,"01:0C:CD:FF:FF:FF
",0x8100,0x8002,"FLEXPIGO/LLN0$GO$gocb50
","FLEXPIGO/LLN0$dsGOOSE50
","FLEXPIGO/LLN0$GO$gocb50
",FALSE,1,FALSE,3,line3,50,PCS-C
51,20250357,0x22E,01:0C:CD:01:00:33,"01:0C:CD:FF:FF:FF
",0x8100,0x8002,"FLEXPIGO/LLN0$GO$gocb51
","FLEXPIGO/LLN0$dsGOOSE51
","FLEXPIGO/LLN0$GO$gocb51
",FALSE,1,FALSE,3,line3,51,PCS-C
52,20250358,0x22F,01:0C:CD:01:00:34,"01:0C:CD:FF:FF:FF
",0x8100,0x8002,"FLEXPIGO/LLN0$GO$gocb52
","FLEXPIGO/LLN0$dsGOOSE52
","FLEXPIGO/LLN0$GO$gocb52
",FALSE,1,FALSE,3,line3,52,PCS-C
53,20250359,0x230,01:0C:CD:01:00:35,"01:0C:CD:FF:FF:FF
",0x8100,0x8002,"FLEXPIGO/LLN0$GO$gocb53
","FLEXPIGO/LLN0$dsGOOSE53
","FLEXPIGO/LLN0$GO$gocb53
",FALSE,1,FALSE,3,line3,53,PCS-C
54,20250360,0x231,01:0C:CD:01:00:36,"01:0C:CD:FF:FF:FF
",0x8100,0x8002,"FLEXPIGO/LLN0$GO$gocb54
","FLEXPIGO/LLN0$dsGOOSE54
","FLEXPIGO/LLN0$GO$gocb54
",FALSE,1,FALSE,3,line3,54,PCS-C
55,20250361,0x232,01:0C:CD:01:00:37,"01:0C:CD:FF:FF:FF
",0x8100,0x8002,"FLEXPIGO/LLN0$GO$gocb55
","FLEXPIGO/LLN0$dsGOOSE55
","FLEXPIGO/LLN0$GO$gocb55
",FALSE,1,FALSE,3,line3,55,PCS-C
56,20250362,0x233,01:0C:CD:01:00:38,"01:0C:CD:FF:FF:FF
",0x8100,0x8002,"FLEXPIGO/LLN0$GO$gocb56
","FLEXPIGO/LLN0$dsGOOSE56
","FLEXPIGO/LLN0$GO$gocb56
",FALSE,1,FALSE,3,line3,56,PCS-C
57,20250363,0x234,01:0C:CD:01:00:39,"01:0C:CD:FF:FF:FF
",0x8100,0x8002,"FLEXPIGO/LLN0$GO$gocb57
","FLEXPIGO/LLN0$dsGOOSE57
","FLEXPIGO/LLN0$GO$gocb57
",FALSE,1,FALSE,3,line3,57,PCS-C
58,20250364,0x235,01:0C:CD:01:00:3A,"01:0C:CD:FF:FF:FF
",0x8100,0x8002,"FLEXPIGO/LLN0$GO$gocb58
","FLEXPIGO/LLN0$dsGOOSE58
","FLEXPIGO/LLN0$GO$gocb58
",FALSE,1,FALSE,3,line3,58,PCS-C
59,20250365,0x236,01:0C:CD:01:00:3B,"01:0C:CD:FF:FF:FF
",0x8100,0x8002,"FLEXPIGO/LLN0$GO$gocb59
","FLEXPIGO/LLN0$dsGOOSE59
","FLEXPIGO/LLN0$GO$gocb59
",FALSE,1,FALSE,3,line3,59,PCS-C
60,20250366,0x237,01:0C:CD:01:00:3C,"01:0C:CD:FF:FF:FF
",0x8100,0x8002,"FLEXPIGO/LLN0$GO$gocb60
","FLEXPIGO/LLN0$dsGOOSE60
","FLEXPIGO/LLN0$GO$gocb60
",FALSE,1,FALSE,3,line3,60,PCS-C
61,20250367,0x238,01:0C:CD:01:00:3D,"01:0C:CD:FF:FF:FF
",0x8100,0x8002,"FLEXPIGO/LLN0$GO$gocb61
","FLEXPIGO/LLN0$dsGOOSE61
","FLEXPIGO/LLN0$GO$gocb61
",FALSE,1,FALSE,3,line3,61,PCS-C
62,20250368,0x239,01:0C:CD:01:00:3E,"01:0C:CD:FF:FF:FF
",0x8100,0x8002,"FLEXPIGO/LLN0$GO$gocb62
","FLEXPIGO/LLN0$dsGOOSE62
","FLEXPIGO/LLN0$GO$gocb62
",FALSE,1,FALSE,3,line3,62,PCS-C
63,20250369,0x23A,01:0C:CD:01:00:3F,"01:0C:CD:FF:FF:FF
",0x8100,0x8002,"FLEXPIGO/LLN0$GO$gocb63
","FLEXPIGO/LLN0$dsGOOSE63
","FLEXPIGO/LLN0$GO$gocb63
",FALSE,1,FALSE,3,line3,63,PCS-C
64,20250370,0x23B,01:0C:CD:01:00:40,"01:0C:CD:FF:FF:FF
",0x8100,0x8002,"FLEXPIGO/LLN0$GO$gocb64
","FLEXPIGO/LLN0$dsGOOSE64
","FLEXPIGO/LLN0$GO$gocb64
",FALSE,1,FALSE,3,line3,64,PCS-C
65,20250371,0x23C,01:0C:CD:01:00:41,"01:0C:CD:FF:FF:FF
",0x8100,0x8002,"FLEXPIGO/LLN0$GO$gocb65
","FLEXPIGO/LLN0$dsGOOSE65
","FLEXPIGO/LLN0$GO$gocb65
",FALSE,1,FALSE,3,line3,65,PCS-C
66,20250372,0x23D,01:0C:CD:01:00:42,"01:0C:CD:FF:FF:FF
",0x8100,0x8002,"FLEXPIGO/LLN0$GO$gocb66
","FLEXPIGO/LLN0$dsGOOSE66
","FLEXPIGO/LLN0$GO$gocb66
",FALSE,1,FALSE,3,line3,66,PCS-C
67,20250373,0x23E,01:0C:CD:01:00:43,"01:0C:CD:FF:FF:FF
",0x8100,0x8002,"FLEXPIGO/LLN0$GO$gocb67
","FLEXPIGO/LLN0$dsGOOSE67
","FLEXPIGO/LLN0$GO$gocb67
",FALSE,1,FALSE,3,line3,67,PCS-C
68,20250374,0x23F,01:0C:CD:01:00:44,"01:0C:CD:FF:FF:FF
",0x8100,0x8002,"FLEXPIGO/LLN0$GO$gocb68
","FLEXPIGO/LLN0$dsGOOSE68
","FLEXPIGO/LLN0$GO$gocb68
",FALSE,1,FALSE,3,line3,68,PCS-C
69,20250375,0x240,01:0C:CD:01:00:45,"01:0C:CD:FF:FF:FF
",0x8100,0x8002,"FLEXPIGO/LLN0$GO$gocb69
","FLEXPIGO/LLN0$dsGOOSE69
","FLEXPIGO/LLN0$GO$gocb69
",FALSE,1,FALSE,3,line3,69,PCS-C
70,20250376,0x241,01:0C:CD:01:00:46,"01:0C:CD:FF:FF:FF
",0x8100,0x8002,"FLEXPIGO/LLN0$GO$gocb70
","FLEXPIGO/LLN0$dsGOOSE70
","FLEXPIGO/LLN0$GO$gocb70
",FALSE,1,FALSE,3,line3,70,PCS-C
71,20250377,0x242,01:0C:CD:01:00:47,"01:0C:CD:FF:FF:FF
",0x8100,0x8002,"FLEXPIGO/LLN0$GO$gocb71
","FLEXPIGO/LLN0$dsGOOSE71
","FLEXPIGO/LLN0$GO$gocb71
",FALSE,1,FALSE,3,line3,71,PCS-C
72,20250378,0x243,01:0C:CD:01:00:48,"01:0C:CD:FF:FF:FF
",0x8100,0x8002,"FLEXPIGO/LLN0$GO$gocb72
","FLEXPIGO/LLN0$dsGOOSE72
","FLEXPIGO/LLN0$GO$gocb72
",FALSE,1,FALSE,3,line3,72,PCS-C
73,20250379,0x244,01:0C:CD:01:00:49,"01:0C:CD:FF:FF:FF
",0x8100,0x8002,"FLEXPIGO/LLN0$GO$gocb73
","FLEXPIGO/LLN0$dsGOOSE73
","FLEXPIGO/LLN0$GO$gocb73
",FALSE,1,FALSE,3,line3,73,PCS-C
74,20250380,0x245,01:0C:CD:01:00:4A,"01:0C:CD:FF:FF:FF
",0x8100,0x8002,"FLEXPIGO/LLN0$GO$gocb74
","FLEXPIGO/LLN0$dsGOOSE74
","FLEXPIGO/LLN0$GO$gocb74
",FALSE,1,FALSE,3,line3,74,PCS-C
75,20250381,0x246,01:0C:CD:01:00:4B,"01:0C:CD:FF:FF:FF
",0x8100,0x8002,"FLEXPIGO/LLN0$GO$gocb75
","FLEXPIGO/LLN0$dsGOOSE75
","FLEXPIGO/LLN0$GO$gocb75
",FALSE,1,FALSE,3,line3,75,PCS-C
76,20250382,0x247,01:0C:CD:01:00:4C,"01:0C:CD:FF:FF:FF
",0x8100,0x8002,"FLEXPIGO/LLN0$GO$gocb76
","FLEXPIGO/LLN0$dsGOOSE76
","FLEXPIGO/LLN0$GO$gocb76
",FALSE,1,FALSE,3,line3,76,PCS-C
77,20250383,0x248,01:0C:CD:01:00:4D,"01:0C:CD:FF:FF:FF
",0x8100,0x8002,"FLEXPIGO/LLN0$GO$gocb77
","FLEXPIGO/LLN0$dsGOOSE77
","FLEXPIGO/LLN0$GO$gocb77
",FALSE,1,FALSE,3,line3,77,PCS-C
78,20250384,0x249,01:0C:CD:01:00:4E,"01:0C:CD:FF:FF:FF
",0x8100,0x8002,"FLEXPIGO/LLN0$GO$gocb78
","FLEXPIGO/LLN0$dsGOOSE78
","FLEXPIGO/LLN0$GO$gocb78
",FALSE,1,FALSE,3,line3,78,PCS-C
79,20250385,0x24A,01:0C:CD:01:00:4F,"01:0C:CD:FF:FF:FF
",0x8100,0x8002,"FLEXPIGO/LLN0$GO$gocb79
","FLEXPIGO/LLN0$dsGOOSE79
","FLEXPIGO/LLN0$GO$gocb79
",FALSE,1,FALSE,3,line3,79,PCS-C
80,20250386,0x24B,01:0C:CD:01:00:50,"01:0C:CD:FF:FF:FF
",0x8100,0x8002,"FLEXPIGO/LLN0$GO$gocb80
","FLEXPIGO/LLN0$dsGOOSE80
","FLEXPIGO/LLN0$GO$gocb80
",FALSE,1,FALSE,3,line3,80,PCS-C
81,20250387,0x24C,01:0C:CD:01:00:51,"01:0C:CD:FF:FF:FF
",0x8100,0x8002,"FLEXPIGO/LLN0$GO$gocb81
","FLEXPIGO/LLN0$dsGOOSE81
","FLEXPIGO/LLN0$GO$gocb81
",FALSE,1,FALSE,3,line3,81,PCS-C
82,20250388,0x24D,01:0C:CD:01:00:52,"01:0C:CD:FF:FF:FF
",0x8100,0x8002,"FLEXPIGO/LLN0$GO$gocb82
","FLEXPIGO/LLN0$dsGOOSE82
","FLEXPIGO/LLN0$GO$gocb82
",FALSE,1,FALSE,3,line3,82,PCS-C
83,20250389,0x24E,01:0C:CD:01:00:53,"01:0C:CD:FF:FF:FF
",0x8100,0x8002,"FLEXPIGO/LLN0$GO$gocb83
","FLEXPIGO/LLN0$dsGOOSE83
","FLEXPIGO/LLN0$GO$gocb83
",FALSE,1,FALSE,3,line3,83,PCS-C
84,20250390,0x24F,01:0C:CD:01:00:54,"01:0C:CD:FF:FF:FF
",0x8100,0x8002,"FLEXPIGO/LLN0$GO$gocb84
","FLEXPIGO/LLN0$dsGOOSE84
","FLEXPIGO/LLN0$GO$gocb84
",FALSE,1,FALSE,3,line3,84,PCS-C
85,20250391,0x250,01:0C:CD:01:00:55,"01:0C:CD:FF:FF:FF
",0x8100,0x8002,"FLEXPIGO/LLN0$GO$gocb85
","FLEXPIGO/LLN0$dsGOOSE85
","FLEXPIGO/LLN0$GO$gocb85
",FALSE,1,FALSE,3,line3,85,PCS-C
86,20250392,0x251,01:0C:CD:01:00:56,"01:0C:CD:FF:FF:FF
",0x8100,0x8002,"FLEXPIGO/LLN0$GO$gocb86
","FLEXPIGO/LLN0$dsGOOSE86
","FLEXPIGO/LLN0$GO$gocb86
",FALSE,1,FALSE,3,line3,86,PCS-C
87,20250393,0x252,01:0C:CD:01:00:57,"01:0C:CD:FF:FF:FF
",0x8100,0x8002,"FLEXPIGO/LLN0$GO$gocb87
","FLEXPIGO/LLN0$dsGOOSE87
","FLEXPIGO/LLN0$GO$gocb87
",FALSE,1,FALSE,3,line3,87,PCS-C
88,20250394,0x253,01:0C:CD:01:00:58,"01:0C:CD:FF:FF:FF
",0x8100,0x8002,"FLEXPIGO/LLN0$GO$gocb88
","FLEXPIGO/LLN0$dsGOOSE88
","FLEXPIGO/LLN0$GO$gocb88
",FALSE,1,FALSE,3,line3,88,PCS-C
89,20250395,0x254,01:0C:CD:01:00:59,"01:0C:CD:FF:FF:FF
",0x8100,0x8002,"FLEXPIGO/LLN0$GO$gocb89
","FLEXPIGO/LLN0$dsGOOSE89
","FLEXPIGO/LLN0$GO$gocb89
",FALSE,1,FALSE,3,line3,89,PCS-C
90,20250396,0x255,01:0C:CD:01:00:5A,"01:0C:CD:FF:FF:FF
",0x8100,0x8002,"FLEXPIGO/LLN0$GO$gocb90
","FLEXPIGO/LLN0$dsGOOSE90
","FLEXPIGO/LLN0$GO$gocb90
",FALSE,1,FALSE,3,line3,90,PCS-C
91,20250397,0x256,01:0C:CD:01:00:5B,"01:0C:CD:FF:FF:FF
",0x8100,0x8002,"FLEXPIGO/LLN0$GO$gocb91
","FLEXPIGO/LLN0$dsGOOSE91
","FLEXPIGO/LLN0$GO$gocb91
",FALSE,1,FALSE,3,line3,91,PCS-C
92,20250398,0x257,01:0C:CD:01:00:5C,"01:0C:CD:FF:FF:FF
",0x8100,0x8002,"FLEXPIGO/LLN0$GO$gocb92
","FLEXPIGO/LLN0$dsGOOSE92
","FLEXPIGO/LLN0$GO$gocb92
",FALSE,1,FALSE,3,line3,92,PCS-C
93,20250399,0x258,01:0C:CD:01:00:5D,"01:0C:CD:FF:FF:FF
",0x8100,0x8002,"FLEXPIGO/LLN0$GO$gocb93
","FLEXPIGO/LLN0$dsGOOSE93
","FLEXPIGO/LLN0$GO$gocb93
",FALSE,1,FALSE,3,line3,93,PCS-C
94,20250400,0x259,01:0C:CD:01:00:5E,"01:0C:CD:FF:FF:FF
",0x8100,0x8002,"FLEXPIGO/LLN0$GO$gocb94
","FLEXPIGO/LLN0$dsGOOSE94
","FLEXPIGO/LLN0$GO$gocb94
",FALSE,1,FALSE,3,line3,94,PCS-C
95,20250401,0x25A,01:0C:CD:01:00:5F,"01:0C:CD:FF:FF:FF
",0x8100,0x8002,"FLEXPIGO/LLN0$GO$gocb95
","FLEXPIGO/LLN0$dsGOOSE95
","FLEXPIGO/LLN0$GO$gocb95
",FALSE,1,FALSE,3,line3,95,PCS-C
96,20250402,0x25B,01:0C:CD:01:00:60,"01:0C:CD:FF:FF:FF
",0x8100,0x8002,"FLEXPIGO/LLN0$GO$gocb96
","FLEXPIGO/LLN0$dsGOOSE96
","FLEXPIGO/LLN0$GO$gocb96
",FALSE,1,FALSE,3,line3,96,PCS-C
97,20250403,0x25C,01:0C:CD:01:00:61,"01:0C:CD:FF:FF:FF
",0x8100,0x8002,"FLEXPIGO/LLN0$GO$gocb97
","FLEXPIGO/LLN0$dsGOOSE97
","FLEXPIGO/LLN0$GO$gocb97
",FALSE,1,FALSE,3,line3,97,PCS-C
98,20250404,0x25D,01:0C:CD:01:00:62,"01:0C:CD:FF:FF:FF
",0x8100,0x8002,"FLEXPIGO/LLN0$GO$gocb98
","FLEXPIGO/LLN0$dsGOOSE98
","FLEXPIGO/LLN0$GO$gocb98
",FALSE,1,FALSE,3,line3,98,PCS-C
99,20250405,0x25E,01:0C:CD:01:00:63,"01:0C:CD:FF:FF:FF
",0x8100,0x8002,"FLEXPIGO/LLN0$GO$gocb99
","FLEXPIGO/LLN0$dsGOOSE99
","FLEXPIGO/LLN0$GO$gocb99
",FALSE,1,FALSE,3,line3,99,PCS-C
100,20250406,0x25F,01:0C:CD:01:00:64,"01:0C:CD:FF:FF:FF
",0x8100,0x8002,"FLEXPIGO/LLN0$GO$gocb100
","FLEXPIGO/LLN0$dsGOOSE100
","FLEXPIGO/LLN0$GO$gocb100
",FALSE,1,FALSE,3,line3,100,PCS-C
101,20250407,0x260,01:0C:CD:01:00:65,"01:0C:CD:FF:FF:FF
",0x8100,0x8002,"FLEXPIGO/LLN0$GO$gocb101
","FLEXPIGO/LLN0$dsGOOSE101
","FLEXPIGO/LLN0$GO$gocb101
",FALSE,1,FALSE,3,line3,101,PCS-C
102,20250408,0x261,01:0C:CD:01:00:66,"01:0C:CD:FF:FF:FF
",0x8100,0x8002,"FLEXPIGO/LLN0$GO$gocb102
","FLEXPIGO/LLN0$dsGOOSE102
","FLEXPIGO/LLN0$GO$gocb102
",FALSE,1,FALSE,3,line3,102,PCS-C
103,20250409,0x262,01:0C:CD:01:00:67,"01:0C:CD:FF:FF:FF
",0x8100,0x8002,"FLEXPIGO/LLN0$GO$gocb103
","FLEXPIGO/LLN0$dsGOOSE103
","FLEXPIGO/LLN0$GO$gocb103
",FALSE,1,FALSE,3,line3,103,PCS-C
104,20250410,0x263,01:0C:CD:01:00:68,"01:0C:CD:FF:FF:FF
",0x8100,0x8002,"FLEXPIGO/LLN0$GO$gocb104
","FLEXPIGO/LLN0$dsGOOSE104
","FLEXPIGO/LLN0$GO$gocb104
",FALSE,1,FALSE,3,line3,104,PCS-C
105,20250411,0x264,01:0C:CD:01:00:69,"01:0C:CD:FF:FF:FF
",0x8100,0x8002,"FLEXPIGO/LLN0$GO$gocb105
","FLEXPIGO/LLN0$dsGOOSE105
","FLEXPIGO/LLN0$GO$gocb105
",FALSE,1,FALSE,3,line3,105,PCS-C
106,20250412,0x265,01:0C:CD:01:00:6A,"01:0C:CD:FF:FF:FF
",0x8100,0x8002,"FLEXPIGO/LLN0$GO$gocb106
","FLEXPIGO/LLN0$dsGOOSE106
","FLEXPIGO/LLN0$GO$gocb106
",FALSE,1,FALSE,3,line3,106,PCS-C
107,20250413,0x266,01:0C:CD:01:00:6B,"01:0C:CD:FF:FF:FF
",0x8100,0x8002,"FLEXPIGO/LLN0$GO$gocb107
","FLEXPIGO/LLN0$dsGOOSE107
","FLEXPIGO/LLN0$GO$gocb107
",FALSE,1,FALSE,3,line3,107,PCS-C
108,20250414,0x267,01:0C:CD:01:00:6C,"01:0C:CD:FF:FF:FF
",0x8100,0x8002,"FLEXPIGO/LLN0$GO$gocb108
","FLEXPIGO/LLN0$dsGOOSE108
","FLEXPIGO/LLN0$GO$gocb108
",FALSE,1,FALSE,3,line3,108,PCS-C
109,20250415,0x268,01:0C:CD:01:00:6D,"01:0C:CD:FF:FF:FF
",0x8100,0x8002,"FLEXPIGO/LLN0$GO$gocb109
","FLEXPIGO/LLN0$dsGOOSE109
","FLEXPIGO/LLN0$GO$gocb109
",FALSE,1,FALSE,3,line3,109,PCS-C
110,20250416,0x269,01:0C:CD:01:00:6E,"01:0C:CD:FF:FF:FF
",0x8100,0x8002,"FLEXPIGO/LLN0$GO$gocb110
","FLEXPIGO/LLN0$dsGOOSE110
","FLEXPIGO/LLN0$GO$gocb110
",FALSE,1,FALSE,3,line3,110,PCS-C
111,20250417,0x26A,01:0C:CD:01:00:6F,"01:0C:CD:FF:FF:FF
",0x8100,0x8002,"FLEXPIGO/LLN0$GO$gocb111
","FLEXPIGO/LLN0$dsGOOSE111
","FLEXPIGO/LLN0$GO$gocb111
",FALSE,1,FALSE,3,line3,111,PCS-C
112,20250418,0x26B,01:0C:CD:01:00:70,"01:0C:CD:FF:FF:FF
",0x8100,0x8002,"FLEXPIGO/LLN0$GO$gocb112
","FLEXPIGO/LLN0$dsGOOSE112
","FLEXPIGO/LLN0$GO$gocb112
",FALSE,1,FALSE,3,line3,112,PCS-C
113,20250419,0x26C,01:0C:CD:01:00:71,"01:0C:CD:FF:FF:FF
",0x8100,0x8002,"FLEXPIGO/LLN0$GO$gocb113
","FLEXPIGO/LLN0$dsGOOSE113
","FLEXPIGO/LLN0$GO$gocb113
",FALSE,1,FALSE,3,line3,113,PCS-C
114,20250420,0x26D,01:0C:CD:01:00:72,"01:0C:CD:FF:FF:FF
",0x8100,0x8002,"FLEXPIGO/LLN0$GO$gocb114
","FLEXPIGO/LLN0$dsGOOSE114
","FLEXPIGO/LLN0$GO$gocb114
",FALSE,1,FALSE,3,line3,114,PCS-C
115,20250421,0x26E,01:0C:CD:01:00:73,"01:0C:CD:FF:FF:FF
",0x8100,0x8002,"FLEXPIGO/LLN0$GO$gocb115
","FLEXPIGO/LLN0$dsGOOSE115
","FLEXPIGO/LLN0$GO$gocb115
",FALSE,1,FALSE,3,line3,115,PCS-C
116,20250422,0x26F,01:0C:CD:01:00:74,"01:0C:CD:FF:FF:FF
",0x8100,0x8002,"FLEXPIGO/LLN0$GO$gocb116
","FLEXPIGO/LLN0$dsGOOSE116
","FLEXPIGO/LLN0$GO$gocb116
",FALSE,1,FALSE,3,line3,116,PCS-C
117,20250423,0x270,01:0C:CD:01:00:75,"01:0C:CD:FF:FF:FF
",0x8100,0x8002,"FLEXPIGO/LLN0$GO$gocb117
","FLEXPIGO/LLN0$dsGOOSE117
","FLEXPIGO/LLN0$GO$gocb117
",FALSE,1,FALSE,3,line3,117,PCS-C
118,20250424,0x271,01:0C:CD:01:00:76,"01:0C:CD:FF:FF:FF
",0x8100,0x8002,"FLEXPIGO/LLN0$GO$gocb118
","FLEXPIGO/LLN0$dsGOOSE118
","FLEXPIGO/LLN0$GO$gocb118
",FALSE,1,FALSE,3,line3,118,PCS-C
119,20250425,0x272,01:0C:CD:01:00:77,"01:0C:CD:FF:FF:FF
",0x8100,0x8002,"FLEXPIGO/LLN0$GO$gocb119
","FLEXPIGO/LLN0$dsGOOSE119
","FLEXPIGO/LLN0$GO$gocb119
",FALSE,1,FALSE,3,line3,119,PCS-C
120,20250426,0x273,01:0C:CD:01:00:78,"01:0C:CD:FF:FF:FF
",0x8100,0x8002,"FLEXPIGO/LLN0$GO$gocb120
","FLEXPIGO/LLN0$dsGOOSE120
","FLEXPIGO/LLN0$GO$gocb120
",FALSE,1,FALSE,3,line3,120,PCS-C
121,20250427,0x274,01:0C:CD:01:00:79,"01:0C:CD:FF:FF:FF
",0x8100,0x8002,"FLEXPIGO/LLN0$GO$gocb121
","FLEXPIGO/LLN0$dsGOOSE121
","FLEXPIGO/LLN0$GO$gocb121
",FALSE,1,FALSE,3,line3,121,PCS-C
122,20250428,0x275,01:0C:CD:01:00:7A,"01:0C:CD:FF:FF:FF
",0x8100,0x8002,"FLEXPIGO/LLN0$GO$gocb122
","FLEXPIGO/LLN0$dsGOOSE122
","FLEXPIGO/LLN0$GO$gocb122
",FALSE,1,FALSE,3,line3,122,PCS-C
123,20250429,0x276,01:0C:CD:01:00:7B,"01:0C:CD:FF:FF:FF
",0x8100,0x8002,"FLEXPIGO/LLN0$GO$gocb123
","FLEXPIGO/LLN0$dsGOOSE123
","FLEXPIGO/LLN0$GO$gocb123
",FALSE,1,FALSE,3,line3,123,PCS-C
124,20250430,0x277,01:0C:CD:01:00:7C,"01:0C:CD:FF:FF:FF
",0x8100,0x8002,"FLEXPIGO/LLN0$GO$gocb124
","FLEXPIGO/LLN0$dsGOOSE124
","FLEXPIGO/LLN0$GO$gocb124
",FALSE,1,FALSE,3,line3,124,PCS-C
125,20250431,0x278,01:0C:CD:01:00:7D,"01:0C:CD:FF:FF:FF
",0x8100,0x8002,"FLEXPIGO/LLN0$GO$gocb125
","FLEXPIGO/LLN0$dsGOOSE125
","FLEXPIGO/LLN0$GO$gocb125
",FALSE,1,FALSE,3,line3,125,PCS-C
126,20250432,0x279,01:0C:CD:01:00:7E,"01:0C:CD:FF:FF:FF
",0x8100,0x8002,"FLEXPIGO/LLN0$GO$gocb126
","FLEXPIGO/LLN0$dsGOOSE126
","FLEXPIGO/LLN0$GO$gocb126
",FALSE,1,FALSE,3,line3,126,PCS-C
127,20250433,0x27A,01:0C:CD:01:00:7F,"01:0C:CD:FF:FF:FF
",0x8100,0x8002,"FLEXPIGO/LLN0$GO$gocb127
","FLEXPIGO/LLN0$dsGOOSE127
","FLEXPIGO/LLN0$GO$gocb127
",FALSE,1,FALSE,3,line3,127,PCS-C
128,20250434,0x27B,01:0C:CD:01:00:80,"01:0C:CD:FF:FF:FF
",0x8100,0x8002,"FLEXPIGO/LLN0$GO$gocb128
","FLEXPIGO/LLN0$dsGOOSE128
","FLEXPIGO/LLN0$GO$gocb128
",FALSE,1,FALSE,3,line3,128,PCS-C
129,20250435,0x27C,01:0C:CD:01:00:81,"01:0C:CD:FF:FF:FF
",0x8100,0x8002,"FLEXPIGO/LLN0$GO$gocb129
","FLEXPIGO/LLN0$dsGOOSE129
","FLEXPIGO/LLN0$GO$gocb129
",FALSE,1,FALSE,3,line3,129,PCS-C
130,20250436,0x27D,01:0C:CD:01:00:82,"01:0C:CD:FF:FF:FF
",0x8100,0x8002,"FLEXPIGO/LLN0$GO$gocb130
","FLEXPIGO/LLN0$dsGOOSE130
","FLEXPIGO/LLN0$GO$gocb130
",FALSE,1,FALSE,3,line3,130,PCS-C
131,20250437,0x27E,01:0C:CD:01:00:83,"01:0C:CD:FF:FF:FF
",0x8100,0x8002,"FLEXPIGO/LLN0$GO$gocb131
","FLEXPIGO/LLN0$dsGOOSE131
","FLEXPIGO/LLN0$GO$gocb131
",FALSE,1,FALSE,3,line3,131,PCS-C
132,20250438,0x27F,01:0C:CD:01:00:84,"01:0C:CD:FF:FF:FF
",0x8100,0x8002,"FLEXPIGO/LLN0$GO$gocb132
","FLEXPIGO/LLN0$dsGOOSE132
","FLEXPIGO/LLN0$GO$gocb132
",FALSE,1,FALSE,3,line3,132,PCS-C
133,20250439,0x280,01:0C:CD:01:00:85,"01:0C:CD:FF:FF:FF
",0x8100,0x8002,"FLEXPIGO/LLN0$GO$gocb133
","FLEXPIGO/LLN0$dsGOOSE133
","FLEXPIGO/LLN0$GO$gocb133
",FALSE,1,FALSE,3,line3,133,PCS-C
